日期,1点,2点,3点,4点,5点,6点,7点,8点,9点,10点,11点,12点,13点,14点,15点,16点,17点,18点,19点,20点,21点,22点,23点,24点
20200101,2.87,2.87,2.87,2.87,2.87,2.87,2.87,2.87,2.87,2.87,2.87,2.87,2.87,2.87,2.87,2.87,2.87,2.87,2.87,2.87,2.87,2.87,2.87,2.87
20200102,2.87,2.87,2.87,2.87,2.87,2.87,2.87,2.87,2.87,2.87,2.87,2.87,2.87,2.87,2.87,2.87,2.87,2.87,2.87,2.87,2.87,2.87,2.87,2.87
20200103,2.87,2.87,2.87,2.87,2.87,2.87,2.87,2.87,2.87,2.87,2.87,2.87,2.87,2.87,2.87,2.87,2.87,2.87,2.87,2.87,2.87,2.87,2.87,2.87
20200104,2.87,2.87,2.87,2.87,2.87,2.87,2.87,2.87,2.87,2.87,2.87,2.87,2.87,2.87,2.87,2.87,2.87,2.87,2.87,2.87,2.87,2.87,2.87,2.87
20200105,2.87,2.87,2.87,2.87,2.87,2.87,2.87,2.87,2.87,2.87,2.87,2.87,2.87,2.87,2.87,2.87,2.87,2.87,2.87,2.87,2.87,2.87,2.87,2.87
20200106,2.87,2.87,2.87,2.87,2.87,2.87,2.87,2.87,2.87,2.87,2.87,2.87,2.87,2.87,2.87,2.87,2.87,2.87,2.87,2.87,2.87,2.87,2.87,2.87
20200107,2.87,2.87,2.87,2.87,2.87,2.87,2.87,2.87,2.87,2.87,2.87,2.87,2.87,2.87,2.87,2.87,2.87,2.87,2.87,2.87,2.87,2.87,2.87,2.87
20200108,2.87,2.87,2.87,2.87,2.87,2.87,2.87,2.87,2.87,2.87,2.87,2.87,2.87,2.87,2.87,2.87,2.87,2.87,2.87,2.87,2.87,2.87,2.87,2.87
20200109,2.87,2.87,2.87,2.87,2.87,2.87,2.87,2.87,2.87,2.87,2.87,2.87,2.87,2.87,2.87,2.87,2.87,2.87,2.87,2.87,2.87,2.87,2.87,2.87
20200110,2.87,2.87,2.87,2.87,2.87,2.87,2.87,2.87,2.87,2.87,2.87,2.87,2.87,2.87,2.87,2.87,2.87,2.87,2.87,2.87,2.87,2.87,2.87,2.87
20200111,2.87,2.87,2.87,2.87,2.87,2.87,2.87,2.87,2.87,2.87,2.87,2.87,2.87,2.87,2.87,2.87,2.87,2.87,2.87,2.87,2.87,2.87,2.87,2.87
20200112,2.87,2.87,2.87,2.87,2.87,2.87,2.87,2.87,2.87,2.87,2.87,2.87,2.87,2.87,2.87,2.87,2.87,2.87,2.87,2.87,2.87,2.87,2.87,2.87
20200113,2.87,2.87,2.87,2.87,2.87,2.87,2.87,2.87,2.87,2.87,2.87,2.87,2.87,2.87,2.87,2.87,2.87,2.87,2.87,2.87,2.87,2.87,2.87,2.87
20200114,2.87,2.87,2.87,2.87,2.87,2.87,2.87,2.87,2.87,2.87,2.87,2.87,2.87,2.87,2.87,2.87,2.87,2.87,2.87,2.87,2.87,2.87,2.87,2.87
20200115,2.87,2.87,2.87,2.87,2.87,2.87,2.87,2.87,2.87,2.87,2.87,2.87,2.87,2.87,2.87,2.87,2.87,2.87,2.87,2.87,2.87,2.87,2.87,2.87
20200116,2.87,2.87,2.87,2.87,2.87,2.87,2.87,2.87,2.87,2.87,2.87,2.87,2.87,2.87,2.87,2.87,2.87,2.87,2.87,2.87,2.87,2.87,2.87,2.87
20200117,2.87,2.87,2.87,2.87,2.87,2.87,2.87,2.87,2.87,2.87,2.87,2.87,2.87,2.87,2.87,2.87,2.87,2.87,2.87,2.87,2.87,2.87,2.87,2.87
20200118,2.87,2.87,2.87,2.87,2.87,2.87,2.87,2.87,2.87,2.87,2.87,2.87,2.87,2.87,2.87,2.87,2.87,2.87,2.87,2.87,2.87,2.87,2.87,2.87
20200119,2.87,2.87,2.87,2.87,2.87,2.87,2.87,2.87,2.87,2.87,2.87,2.87,2.87,2.87,2.87,2.87,2.87,2.87,2.87,2.87,2.87,2.87,2.87,2.87
20200120,2.87,2.87,2.87,2.87,2.87,2.87,2.87,2.87,2.87,2.87,2.87,2.87,2.87,2.87,2.87,2.87,2.87,2.87,2.87,2.87,2.87,2.87,2.87,2.87
20200121,2.87,2.87,2.87,2.87,2.87,2.87,2.87,2.87,2.87,2.87,2.87,2.87,2.87,2.87,2.87,2.87,2.87,2.87,2.87,2.87,2.87,2.87,2.87,2.87
20200122,2.87,2.87,2.87,2.87,2.87,2.87,2.87,2.87,2.87,2.87,2.87,2.87,2.87,2.87,2.87,2.87,2.87,2.87,2.87,2.87,2.87,2.87,2.87,2.87
20200123,2.87,2.87,2.87,2.87,2.87,2.87,2.87,2.87,2.87,2.87,2.87,2.87,2.87,2.87,2.87,2.87,2.87,2.87,2.87,2.87,2.87,2.87,2.87,2.87
20200124,2.87,2.87,2.87,2.87,2.87,2.87,2.87,2.87,2.87,2.87,2.87,2.87,2.87,2.87,2.87,2.87,2.87,2.87,2.87,2.87,2.87,2.87,2.87,2.87
20200125,2.87,2.87,2.87,2.87,2.87,2.87,2.87,2.87,2.87,2.87,2.87,2.87,2.87,2.87,2.87,2.87,2.87,2.87,2.87,2.87,2.87,2.87,2.87,2.87
20200126,2.87,2.87,2.87,2.87,2.87,2.87,2.87,2.87,2.87,2.87,2.87,2.87,2.87,2.87,2.87,2.87,2.87,2.87,2.87,2.87,2.87,2.87,2.87,2.87
20200127,2.87,2.87,2.87,2.87,2.87,2.87,2.87,2.87,2.87,2.87,2.87,2.87,2.87,2.87,2.87,2.87,2.87,2.87,2.87,2.87,2.87,2.87,2.87,2.87
20200128,2.87,2.87,2.87,2.87,2.87,2.87,2.87,2.87,2.87,2.87,2.87,2.87,2.87,2.87,2.87,2.87,2.87,2.87,2.87,2.87,2.87,2.87,2.87,2.87
20200129,2.87,2.87,2.87,2.87,2.87,2.87,2.87,2.87,2.87,2.87,2.87,2.87,2.87,2.87,2.87,2.87,2.87,2.87,2.87,2.87,2.87,2.87,2.87,2.87
20200130,2.87,2.87,2.87,2.87,2.87,2.87,2.87,2.87,2.87,2.87,2.87,2.87,2.87,2.87,2.87,2.87,2.87,2.87,2.87,2.87,2.87,2.87,2.87,2.87
20200131,2.87,2.87,2.87,2.87,2.87,2.87,2.87,2.87,2.87,2.87,2.87,2.87,2.87,2.87,2.87,2.87,2.87,2.87,2.87,2.87,2.87,2.87,2.87,2.87
20200201,2.87,2.87,2.87,2.87,2.87,2.87,2.87,2.87,2.87,2.87,2.87,2.87,2.87,2.87,2.87,2.87,2.87,2.87,2.87,2.87,2.87,2.87,2.87,2.87
20200202,2.87,2.87,2.87,2.87,2.87,2.87,2.87,2.87,2.87,2.87,2.87,2.87,2.87,2.87,2.87,2.87,2.87,2.87,2.87,2.87,2.87,2.87,2.87,2.87
20200203,2.87,2.87,2.87,2.87,2.87,2.87,2.87,2.87,2.87,2.87,2.87,2.87,2.87,2.87,2.87,2.87,2.87,2.87,2.87,2.87,2.87,2.87,2.87,2.87
20200204,2.87,2.87,2.87,2.87,2.87,2.87,2.87,2.87,2.87,2.87,2.87,2.87,2.87,2.87,2.87,2.87,2.87,2.87,2.87,2.87,2.87,2.87,2.87,2.87
20200205,2.87,2.87,2.87,2.87,2.87,2.87,2.87,2.87,2.87,2.87,2.87,2.87,2.87,2.87,2.87,2.87,2.87,2.87,2.87,2.87,2.87,2.87,2.87,2.87
20200206,2.87,2.87,2.87,2.87,2.87,2.87,2.87,2.87,2.87,2.87,2.87,2.87,2.87,2.87,2.87,2.87,2.87,2.87,2.87,2.87,2.87,2.87,2.87,2.87
20200207,2.87,2.87,2.87,2.87,2.87,2.87,2.87,2.87,2.87,2.87,2.87,2.87,2.87,2.87,2.87,2.87,2.87,2.87,2.87,2.87,2.87,2.87,2.87,2.87
20200208,2.87,2.87,2.87,2.87,2.87,2.87,2.87,2.87,2.87,2.87,2.87,2.87,2.87,2.87,2.87,2.87,2.87,2.87,2.87,2.87,2.87,2.87,2.87,2.87
20200209,2.87,2.87,2.87,2.87,2.87,2.87,2.87,2.87,2.87,2.87,2.87,2.87,2.87,2.87,2.87,2.87,2.87,2.87,2.87,2.87,2.87,2.87,2.87,2.87
20200210,2.87,2.87,2.87,2.87,2.87,2.87,2.87,2.87,2.87,2.87,2.87,2.87,2.87,2.87,2.87,2.87,2.87,2.87,2.87,2.87,2.87,2.87,2.87,2.87
20200211,2.87,2.87,2.87,2.87,2.87,2.87,2.87,2.87,2.87,2.87,2.87,2.87,2.87,2.87,2.87,2.87,2.87,2.87,2.87,2.87,2.87,2.87,2.87,2.87
20200212,2.87,2.87,2.87,2.87,2.87,2.87,2.87,2.87,2.87,2.87,2.87,2.87,2.87,2.87,2.87,2.87,2.87,2.87,2.87,2.87,2.87,2.87,2.87,2.87
20200213,2.87,2.87,2.87,2.87,2.87,2.87,2.87,2.87,2.87,2.87,2.87,2.87,2.87,2.87,2.87,2.87,2.87,2.87,2.87,2.87,2.87,2.87,2.87,2.87
20200214,2.87,2.87,2.87,2.87,2.87,2.87,2.87,2.87,2.87,2.87,2.87,2.87,2.87,2.87,2.87,2.87,2.87,2.87,2.87,2.87,2.87,2.87,2.87,2.87
20200215,2.87,2.87,2.87,2.87,2.87,2.87,2.87,2.87,2.87,2.87,2.87,2.87,2.87,2.87,2.87,2.87,2.87,2.87,2.87,2.87,2.87,2.87,2.87,2.87
20200216,2.87,2.87,2.87,2.87,2.87,2.87,2.87,2.87,2.87,2.87,2.87,2.87,2.87,2.87,2.87,2.87,2.87,2.87,2.87,2.87,2.87,2.87,2.87,2.87
20200217,2.87,2.87,2.87,2.87,2.87,2.87,2.87,2.87,2.87,2.87,2.87,2.87,2.87,2.87,2.87,2.87,2.87,2.87,2.87,2.87,2.87,2.87,2.87,2.87
20200218,2.87,2.87,2.87,2.87,2.87,2.87,2.87,2.87,2.87,2.87,2.87,2.87,2.87,2.87,2.87,2.87,2.87,2.87,2.87,2.87,2.87,2.87,2.87,2.87
20200219,2.87,2.87,2.87,2.87,2.87,2.87,2.87,2.87,2.87,2.87,2.87,2.87,2.87,2.87,2.87,2.87,2.87,2.87,2.87,2.87,2.87,2.87,2.87,2.87
20200220,2.87,2.87,2.87,2.87,2.87,2.87,2.87,2.87,2.87,2.87,2.87,2.87,2.87,2.87,2.87,2.87,2.87,2.87,2.87,2.87,2.87,2.87,2.87,2.87
20200221,2.87,2.87,2.87,2.87,2.87,2.87,2.87,2.87,2.87,2.87,2.87,2.87,2.87,2.87,2.87,2.87,2.87,2.87,2.87,2.87,2.87,2.87,2.87,2.87
20200222,2.87,2.87,2.87,2.87,2.87,2.87,2.87,2.87,2.87,2.87,2.87,2.87,2.87,2.87,2.87,2.87,2.87,2.87,2.87,2.87,2.87,2.87,2.87,2.87
20200223,2.87,2.87,2.87,2.87,2.87,2.87,2.87,2.87,2.87,2.87,2.87,2.87,2.87,2.87,2.87,2.87,2.87,2.87,2.87,2.87,2.87,2.87,2.87,2.87
20200224,2.87,2.87,2.87,2.87,2.87,2.87,2.87,2.87,2.87,2.87,2.87,2.87,2.87,2.87,2.87,2.87,2.87,2.87,2.87,2.87,2.87,2.87,2.87,2.87
20200225,2.87,2.87,2.87,2.87,2.87,2.87,2.87,2.87,2.87,2.87,2.87,2.87,2.87,2.87,2.87,2.87,2.87,2.87,2.87,2.87,2.87,2.87,2.87,2.87
20200226,2.87,2.87,2.87,2.87,2.87,2.87,2.87,2.87,2.87,2.87,2.87,2.87,2.87,2.87,2.87,2.87,2.87,2.87,2.87,2.87,2.87,2.87,2.87,2.87
20200227,2.87,2.87,2.87,2.87,2.87,2.87,2.87,2.87,2.87,2.87,2.87,2.87,2.87,2.87,2.87,2.87,2.87,2.87,2.87,2.87,2.87,2.87,2.87,2.87
20200228,2.87,2.87,2.87,2.87,2.87,2.87,2.87,2.87,2.87,2.87,2.87,2.87,2.87,2.87,2.87,2.87,2.87,2.87,2.87,2.87,2.87,2.87,2.87,2.87
20200301,2.87,2.87,2.87,2.87,2.87,2.87,2.87,2.87,2.87,2.87,2.87,2.87,2.87,2.87,2.87,2.87,2.87,2.87,2.87,2.87,2.87,2.87,2.87,2.87
20200302,2.87,2.87,2.87,2.87,2.87,2.87,2.87,2.87,2.87,2.87,2.87,2.87,2.87,2.87,2.87,2.87,2.87,2.87,2.87,2.87,2.87,2.87,2.87,2.87
20200303,2.87,2.87,2.87,2.87,2.87,2.87,2.87,2.87,2.87,2.87,2.87,2.87,2.87,2.87,2.87,2.87,2.87,2.87,2.87,2.87,2.87,2.87,2.87,2.87
20200304,2.87,2.87,2.87,2.87,2.87,2.87,2.87,2.87,2.87,2.87,2.87,2.87,2.87,2.87,2.87,2.87,2.87,2.87,2.87,2.87,2.87,2.87,2.87,2.87
20200305,2.87,2.87,2.87,2.87,2.87,2.87,2.87,2.87,2.87,2.87,2.87,2.87,2.87,2.87,2.87,2.87,2.87,2.87,2.87,2.87,2.87,2.87,2.87,2.87
20200306,2.87,2.87,2.87,2.87,2.87,2.87,2.87,2.87,2.87,2.87,2.87,2.87,2.87,2.87,2.87,2.87,2.87,2.87,2.87,2.87,2.87,2.87,2.87,2.87
20200307,2.87,2.87,2.87,2.87,2.87,2.87,2.87,2.87,2.87,2.87,2.87,2.87,2.87,2.87,2.87,2.87,2.87,2.87,2.87,2.87,2.87,2.87,2.87,2.87
20200308,2.87,2.87,2.87,2.87,2.87,2.87,2.87,2.87,2.87,2.87,2.87,2.87,2.87,2.87,2.87,2.87,2.87,2.87,2.87,2.87,2.87,2.87,2.87,2.87
20200309,2.87,2.87,2.87,2.87,2.87,2.87,2.87,2.87,2.87,2.87,2.87,2.87,2.87,2.87,2.87,2.87,2.87,2.87,2.87,2.87,2.87,2.87,2.87,2.87
20200310,2.87,2.87,2.87,2.87,2.87,2.87,2.87,2.87,2.87,2.87,2.87,2.87,2.87,2.87,2.87,2.87,2.87,2.87,2.87,2.87,2.87,2.87,2.87,2.87
20200311,2.87,2.87,2.87,2.87,2.87,2.87,2.87,2.87,2.87,2.87,2.87,2.87,2.87,2.87,2.87,2.87,2.87,2.87,2.87,2.87,2.87,2.87,2.87,2.87
20200312,2.87,2.87,2.87,2.87,2.87,2.87,2.87,2.87,2.87,2.87,2.87,2.87,2.87,2.87,2.87,2.87,2.87,2.87,2.87,2.87,2.87,2.87,2.87,2.87
20200313,2.87,2.87,2.87,2.87,2.87,2.87,2.87,2.87,2.87,2.87,2.87,2.87,2.87,2.87,2.87,2.87,2.87,2.87,2.87,2.87,2.87,2.87,2.87,2.87
20200314,2.87,2.87,2.87,2.87,2.87,2.87,2.87,2.87,2.87,2.87,2.87,2.87,2.87,2.87,2.87,2.87,2.87,2.87,2.87,2.87,2.87,2.87,2.87,2.87
20200315,2.87,2.87,2.87,2.87,2.87,2.87,2.87,2.87,2.87,2.87,2.87,2.87,2.87,2.87,2.87,2.87,2.87,2.87,2.87,2.87,2.87,2.87,2.87,2.87
20200316,2.87,2.87,2.87,2.87,2.87,2.87,2.87,2.87,2.87,2.87,2.87,2.87,2.87,2.87,2.87,2.87,2.87,2.87,2.87,2.87,2.87,2.87,2.87,2.87
20200317,2.87,2.87,2.87,2.87,2.87,2.87,2.87,2.87,2.87,2.87,2.87,2.87,2.87,2.87,2.87,2.87,2.87,2.87,2.87,2.87,2.87,2.87,2.87,2.87
20200318,2.87,2.87,2.87,2.87,2.87,2.87,2.87,2.87,2.87,2.87,2.87,2.87,2.87,2.87,2.87,2.87,2.87,2.87,2.87,2.87,2.87,2.87,2.87,2.87
20200319,2.87,2.87,2.87,2.87,2.87,2.87,2.87,2.87,2.87,2.87,2.87,2.87,2.87,2.87,2.87,2.87,2.87,2.87,2.87,2.87,2.87,2.87,2.87,2.87
20200320,2.87,2.87,2.87,2.87,2.87,2.87,2.87,2.87,2.87,2.87,2.87,2.87,2.87,2.87,2.87,2.87,2.87,2.87,2.87,2.87,2.87,2.87,2.87,2.87
20200321,2.87,2.87,2.87,2.87,2.87,2.87,2.87,2.87,2.87,2.87,2.87,2.87,2.87,2.87,2.87,2.87,2.87,2.87,2.87,2.87,2.87,2.87,2.87,2.87
20200322,2.87,2.87,2.87,2.87,2.87,2.87,2.87,2.87,2.87,2.87,2.87,2.87,2.87,2.87,2.87,2.87,2.87,2.87,2.87,2.87,2.87,2.87,2.87,2.87
20200323,2.87,2.87,2.87,2.87,2.87,2.87,2.87,2.87,2.87,2.87,2.87,2.87,2.87,2.87,2.87,2.87,2.87,2.87,2.87,2.87,2.87,2.87,2.87,2.87
20200324,2.87,2.87,2.87,2.87,2.87,2.87,2.87,2.87,2.87,2.87,2.87,2.87,2.87,2.87,2.87,2.87,2.87,2.87,2.87,2.87,2.87,2.87,2.87,2.87
20200325,2.87,2.87,2.87,2.87,2.87,2.87,2.87,2.87,2.87,2.87,2.87,2.87,2.87,2.87,2.87,2.87,2.87,2.87,2.87,2.87,2.87,2.87,2.87,2.87
20200326,2.87,2.87,2.87,2.87,2.87,2.87,2.87,2.87,2.87,2.87,2.87,2.87,2.87,2.87,2.87,2.87,2.87,2.87,2.87,2.87,2.87,2.87,2.87,2.87
20200327,2.87,2.87,2.87,2.87,2.87,2.87,2.87,2.87,2.87,2.87,2.87,2.87,2.87,2.87,2.87,2.87,2.87,2.87,2.87,2.87,2.87,2.87,2.87,2.87
20200328,2.87,2.87,2.87,2.87,2.87,2.87,2.87,2.87,2.87,2.87,2.87,2.87,2.87,2.87,2.87,2.87,2.87,2.87,2.87,2.87,2.87,2.87,2.87,2.87
20200329,2.87,2.87,2.87,2.87,2.87,2.87,2.87,2.87,2.87,2.87,2.87,2.87,2.87,2.87,2.87,2.87,2.87,2.87,2.87,2.87,2.87,2.87,2.87,2.87
20200330,2.87,2.87,2.87,2.87,2.87,2.87,2.87,2.87,2.87,2.87,2.87,2.87,2.87,2.87,2.87,2.87,2.87,2.87,2.87,2.87,2.87,2.87,2.87,2.87
20200331,2.87,2.87,2.87,2.87,2.87,2.87,2.87,2.87,2.87,2.87,2.87,2.87,2.87,2.87,2.87,2.87,2.87,2.87,2.87,2.87,2.87,2.87,2.87,2.87
20200401,2.87,2.87,2.87,2.87,2.87,2.87,2.87,2.87,2.87,2.87,2.87,2.87,2.87,2.87,2.87,2.87,2.87,2.87,2.87,2.87,2.87,2.87,2.87,2.87
20200402,2.87,2.87,2.87,2.87,2.87,2.87,2.87,2.87,2.87,2.87,2.87,2.87,2.87,2.87,2.87,2.87,2.87,2.87,2.87,2.87,2.87,2.87,2.87,2.87
20200403,2.87,2.87,2.87,2.87,2.87,2.87,2.87,2.87,2.87,2.87,2.87,2.87,2.87,2.87,2.87,2.87,2.87,2.87,2.87,2.87,2.87,2.87,2.87,2.87
20200404,2.87,2.87,2.87,2.87,2.87,2.87,2.87,2.87,2.87,2.87,2.87,2.87,2.87,2.87,2.87,2.87,2.87,2.87,2.87,2.87,2.87,2.87,2.87,2.87
20200405,2.87,2.87,2.87,2.87,2.87,2.87,2.87,2.87,2.87,2.87,2.87,2.87,2.87,2.87,2.87,2.87,2.87,2.87,2.87,2.87,2.87,2.87,2.87,2.87
20200406,2.87,2.87,2.87,2.87,2.87,2.87,2.87,2.87,2.87,2.87,2.87,2.87,2.87,2.87,2.87,2.87,2.87,2.87,2.87,2.87,2.87,2.87,2.87,2.87
20200407,2.87,2.87,2.87,2.87,2.87,2.87,2.87,2.87,2.87,2.87,2.87,2.87,2.87,2.87,2.87,2.87,2.87,2.87,2.87,2.87,2.87,2.87,2.87,2.87
20200408,2.87,2.87,2.87,2.87,2.87,2.87,2.87,2.87,2.87,2.87,2.87,2.87,2.87,2.87,2.87,2.87,2.87,2.87,2.87,2.87,2.87,2.87,2.87,2.87
20200409,2.87,2.87,2.87,2.87,2.87,2.87,2.87,2.87,2.87,2.87,2.87,2.87,2.87,2.87,2.87,2.87,2.87,2.87,2.87,2.87,2.87,2.87,2.87,2.87
20200410,2.87,2.87,2.87,2.87,2.87,2.87,2.87,2.87,2.87,2.87,2.87,2.87,2.87,2.87,2.87,2.87,2.87,2.87,2.87,2.87,2.87,2.87,2.87,2.87
20200411,2.87,2.87,2.87,2.87,2.87,2.87,2.87,2.87,2.87,2.87,2.87,2.87,2.87,2.87,2.87,2.87,2.87,2.87,2.87,2.87,2.87,2.87,2.87,2.87
20200412,2.87,2.87,2.87,2.87,2.87,2.87,2.87,2.87,2.87,2.87,2.87,2.87,2.87,2.87,2.87,2.87,2.87,2.87,2.87,2.87,2.87,2.87,2.87,2.87
20200413,2.87,2.87,2.87,2.87,2.87,2.87,2.87,2.87,2.87,2.87,2.87,2.87,2.87,2.87,2.87,2.87,2.87,2.87,2.87,2.87,2.87,2.87,2.87,2.87
20200414,2.87,2.87,2.87,2.87,2.87,2.87,2.87,2.87,2.87,2.87,2.87,2.87,2.87,2.87,2.87,2.87,2.87,2.87,2.87,2.87,2.87,2.87,2.87,2.87
20200415,2.87,2.87,2.87,2.87,2.87,2.87,2.87,2.87,2.87,2.87,2.87,2.87,2.87,2.87,2.87,2.87,2.87,2.87,2.87,2.87,2.87,2.87,2.87,2.87
20200416,2.87,2.87,2.87,2.87,2.87,2.87,2.87,2.87,2.87,2.87,2.87,2.87,2.87,2.87,2.87,2.87,2.87,2.87,2.87,2.87,2.87,2.87,2.87,2.87
20200417,2.87,2.87,2.87,2.87,2.87,2.87,2.87,2.87,2.87,2.87,2.87,2.87,2.87,2.87,2.87,2.87,2.87,2.87,2.87,2.87,2.87,2.87,2.87,2.87
20200418,2.87,2.87,2.87,2.87,2.87,2.87,2.87,2.87,2.87,2.87,2.87,2.87,2.87,2.87,2.87,2.87,2.87,2.87,2.87,2.87,2.87,2.87,2.87,2.87
20200419,2.87,2.87,2.87,2.87,2.87,2.87,2.87,2.87,2.87,2.87,2.87,2.87,2.87,2.87,2.87,2.87,2.87,2.87,2.87,2.87,2.87,2.87,2.87,2.87
20200420,2.87,2.87,2.87,2.87,2.87,2.87,2.87,2.87,2.87,2.87,2.87,2.87,2.87,2.87,2.87,2.87,2.87,2.87,2.87,2.87,2.87,2.87,2.87,2.87
20200421,2.87,2.87,2.87,2.87,2.87,2.87,2.87,2.87,2.87,2.87,2.87,2.87,2.87,2.87,2.87,2.87,2.87,2.87,2.87,2.87,2.87,2.87,2.87,2.87
20200422,2.87,2.87,2.87,2.87,2.87,2.87,2.87,2.87,2.87,2.87,2.87,2.87,2.87,2.87,2.87,2.87,2.87,2.87,2.87,2.87,2.87,2.87,2.87,2.87
20200423,2.87,2.87,2.87,2.87,2.87,2.87,2.87,2.87,2.87,2.87,2.87,2.87,2.87,2.87,2.87,2.87,2.87,2.87,2.87,2.87,2.87,2.87,2.87,2.87
20200424,2.87,2.87,2.87,2.87,2.87,2.87,2.87,2.87,2.87,2.87,2.87,2.87,2.87,2.87,2.87,2.87,2.87,2.87,2.87,2.87,2.87,2.87,2.87,2.87
20200425,2.87,2.87,2.87,2.87,2.87,2.87,2.87,2.87,2.87,2.87,2.87,2.87,2.87,2.87,2.87,2.87,2.87,2.87,2.87,2.87,2.87,2.87,2.87,2.87
20200426,2.87,2.87,2.87,2.87,2.87,2.87,2.87,2.87,2.87,2.87,2.87,2.87,2.87,2.87,2.87,2.87,2.87,2.87,2.87,2.87,2.87,2.87,2.87,2.87
20200427,2.87,2.87,2.87,2.87,2.87,2.87,2.87,2.87,2.87,2.87,2.87,2.87,2.87,2.87,2.87,2.87,2.87,2.87,2.87,2.87,2.87,2.87,2.87,2.87
20200428,2.87,2.87,2.87,2.87,2.87,2.87,2.87,2.87,2.87,2.87,2.87,2.87,2.87,2.87,2.87,2.87,2.87,2.87,2.87,2.87,2.87,2.87,2.87,2.87
20200429,2.87,2.87,2.87,2.87,2.87,2.87,2.87,2.87,2.87,2.87,2.87,2.87,2.87,2.87,2.87,2.87,2.87,2.87,2.87,2.87,2.87,2.87,2.87,2.87
20200430,2.87,2.87,2.87,2.87,2.87,2.87,2.87,2.87,2.87,2.87,2.87,2.87,2.87,2.87,2.87,2.87,2.87,2.87,2.87,2.87,2.87,2.87,2.87,2.87
20200501,2.87,2.87,2.87,2.87,2.87,2.87,2.87,2.87,2.87,2.87,2.87,2.87,2.87,2.87,2.87,2.87,2.87,2.87,2.87,2.87,2.87,2.87,2.87,2.87
20200502,2.87,2.87,2.87,2.87,2.87,2.87,2.87,2.87,2.87,2.87,2.87,2.87,2.87,2.87,2.87,2.87,2.87,2.87,2.87,2.87,2.87,2.87,2.87,2.87
20200503,2.87,2.87,2.87,2.87,2.87,2.87,2.87,2.87,2.87,2.87,2.87,2.87,2.87,2.87,2.87,2.87,2.87,2.87,2.87,2.87,2.87,2.87,2.87,2.87
20200504,2.87,2.87,2.87,2.87,2.87,2.87,2.87,2.87,2.87,2.87,2.87,2.87,2.87,2.87,2.87,2.87,2.87,2.87,2.87,2.87,2.87,2.87,2.87,2.87
20200505,2.87,2.87,2.87,2.87,2.87,2.87,2.87,2.87,2.87,2.87,2.87,2.87,2.87,2.87,2.87,2.87,2.87,2.87,2.87,2.87,2.87,2.87,2.87,2.87
20200506,2.87,2.87,2.87,2.87,2.87,2.87,2.87,2.87,2.87,2.87,2.87,2.87,2.87,2.87,2.87,2.87,2.87,2.87,2.87,2.87,2.87,2.87,2.87,2.87
20200507,2.87,2.87,2.87,2.87,2.87,2.87,2.87,2.87,2.87,2.87,2.87,2.87,2.87,2.87,2.87,2.87,2.87,2.87,2.87,2.87,2.87,2.87,2.87,2.87
20200508,2.87,2.87,2.87,2.87,2.87,2.87,2.87,2.87,2.87,2.87,2.87,2.87,2.87,2.87,2.87,2.87,2.87,2.87,2.87,2.87,2.87,2.87,2.87,2.87
20200509,2.87,2.87,2.87,2.87,2.87,2.87,2.87,2.87,2.87,2.87,2.87,2.87,2.87,2.87,2.87,2.87,2.87,2.87,2.87,2.87,2.87,2.87,2.87,2.87
20200510,2.87,2.87,2.87,2.87,2.87,2.87,2.87,2.87,2.87,2.87,2.87,2.87,2.87,2.87,2.87,2.87,2.87,2.87,2.87,2.87,2.87,2.87,2.87,2.87
20200511,2.87,2.87,2.87,2.87,2.87,2.87,2.87,2.87,2.87,2.87,2.87,2.87,2.87,2.87,2.87,2.87,2.87,2.87,2.87,2.87,2.87,2.87,2.87,2.87
20200512,2.87,2.87,2.87,2.87,2.87,2.87,2.87,2.87,2.87,2.87,2.87,2.87,2.87,2.87,2.87,2.87,2.87,2.87,2.87,2.87,2.87,2.87,2.87,2.87
20200513,2.87,2.87,2.87,2.87,2.87,2.87,2.87,2.87,2.87,2.87,2.87,2.87,2.87,2.87,2.87,2.87,2.87,2.87,2.87,2.87,2.87,2.87,2.87,2.87
20200514,2.87,2.87,2.87,2.87,2.87,2.87,2.87,2.87,2.87,2.87,2.87,2.87,2.87,2.87,2.87,2.87,2.87,2.87,2.87,2.87,2.87,2.87,2.87,2.87
20200515,2.87,2.87,2.87,2.87,2.87,2.87,2.87,2.87,2.87,2.87,2.87,2.87,2.87,2.87,2.87,2.87,2.87,2.87,2.87,2.87,2.87,2.87,2.87,2.87
20200516,2.87,2.87,2.87,2.87,2.87,2.87,2.87,2.87,2.87,2.87,2.87,2.87,2.87,2.87,2.87,2.87,2.87,2.87,2.87,2.87,2.87,2.87,2.87,2.87
20200517,2.87,2.87,2.87,2.87,2.87,2.87,2.87,2.87,2.87,2.87,2.87,2.87,2.87,2.87,2.87,2.87,2.87,2.87,2.87,2.87,2.87,2.87,2.87,2.87
20200518,2.87,2.87,2.87,2.87,2.87,2.87,2.87,2.87,2.87,2.87,2.87,2.87,2.87,2.87,2.87,2.87,2.87,2.87,2.87,2.87,2.87,2.87,2.87,2.87
20200519,2.87,2.87,2.87,2.87,2.87,2.87,2.87,2.87,2.87,2.87,2.87,2.87,2.87,2.87,2.87,2.87,2.87,2.87,2.87,2.87,2.87,2.87,2.87,2.87
20200520,2.87,2.87,2.87,2.87,2.87,2.87,2.87,2.87,2.87,2.87,2.87,2.87,2.87,2.87,2.87,2.87,2.87,2.87,2.87,2.87,2.87,2.87,2.87,2.87
20200521,2.87,2.87,2.87,2.87,2.87,2.87,2.87,2.87,2.87,2.87,2.87,2.87,2.87,2.87,2.87,2.87,2.87,2.87,2.87,2.87,2.87,2.87,2.87,2.87
20200522,2.87,2.87,2.87,2.87,2.87,2.87,2.87,2.87,2.87,2.87,2.87,2.87,2.87,2.87,2.87,2.87,2.87,2.87,2.87,2.87,2.87,2.87,2.87,2.87
20200523,2.87,2.87,2.87,2.87,2.87,2.87,2.87,2.87,2.87,2.87,2.87,2.87,2.87,2.87,2.87,2.87,2.87,2.87,2.87,2.87,2.87,2.87,2.87,2.87
20200524,2.87,2.87,2.87,2.87,2.87,2.87,2.87,2.87,2.87,2.87,2.87,2.87,2.87,2.87,2.87,2.87,2.87,2.87,2.87,2.87,2.87,2.87,2.87,2.87
20200525,2.87,2.87,2.87,2.87,2.87,2.87,2.87,2.87,2.87,2.87,2.87,2.87,2.87,2.87,2.87,2.87,2.87,2.87,2.87,2.87,2.87,2.87,2.87,2.87
20200526,2.87,2.87,2.87,2.87,2.87,2.87,2.87,2.87,2.87,2.87,2.87,2.87,2.87,2.87,2.87,2.87,2.87,2.87,2.87,2.87,2.87,2.87,2.87,2.87
20200527,2.87,2.87,2.87,2.87,2.87,2.87,2.87,2.87,2.87,2.87,2.87,2.87,2.87,2.87,2.87,2.87,2.87,2.87,2.87,2.87,2.87,2.87,2.87,2.87
20200528,2.87,2.87,2.87,2.87,2.87,2.87,2.87,2.87,2.87,2.87,2.87,2.87,2.87,2.87,2.87,2.87,2.87,2.87,2.87,2.87,2.87,2.87,2.87,2.87
20200529,2.87,2.87,2.87,2.87,2.87,2.87,2.87,2.87,2.87,2.87,2.87,2.87,2.87,2.87,2.87,2.87,2.87,2.87,2.87,2.87,2.87,2.87,2.87,2.87
20200530,2.87,2.87,2.87,2.87,2.87,2.87,2.87,2.87,2.87,2.87,2.87,2.87,2.87,2.87,2.87,2.87,2.87,2.87,2.87,2.87,2.87,2.87,2.87,2.87
20200531,2.87,2.87,2.87,2.87,2.87,2.87,2.87,2.87,2.87,2.87,2.87,2.87,2.87,2.87,2.87,2.87,2.87,2.87,2.87,2.87,2.87,2.87,2.87,2.87
20200601,2.87,2.87,2.87,2.87,2.87,2.87,2.87,2.87,2.87,2.87,2.87,2.87,2.87,2.87,2.87,2.87,2.87,2.87,2.87,2.87,2.87,2.87,2.87,2.87
20200602,2.87,2.87,2.87,2.87,2.87,2.87,2.87,2.87,2.87,2.87,2.87,2.87,2.87,2.87,2.87,2.87,2.87,2.87,2.87,2.87,2.87,2.87,2.87,2.87
20200603,2.87,2.87,2.87,2.87,2.87,2.87,2.87,2.87,2.87,2.87,2.87,2.87,2.87,2.87,2.87,2.87,2.87,2.87,2.87,2.87,2.87,2.87,2.87,2.87
20200604,2.87,2.87,2.87,2.87,2.87,2.87,2.87,2.87,2.87,2.87,2.87,2.87,2.87,2.87,2.87,2.87,2.87,2.87,2.87,2.87,2.87,2.87,2.87,2.87
20200605,2.87,2.87,2.87,2.87,2.87,2.87,2.87,2.87,2.87,2.87,2.87,2.87,2.87,2.87,2.87,2.87,2.87,2.87,2.87,2.87,2.87,2.87,2.87,2.87
20200606,2.87,2.87,2.87,2.87,2.87,2.87,2.87,2.87,2.87,2.87,2.87,2.87,2.87,2.87,2.87,2.87,2.87,2.87,2.87,2.87,2.87,2.87,2.87,2.87
20200607,2.87,2.87,2.87,2.87,2.87,2.87,2.87,2.87,2.87,2.87,2.87,2.87,2.87,2.87,2.87,2.87,2.87,2.87,2.87,2.87,2.87,2.87,2.87,2.87
20200608,2.87,2.87,2.87,2.87,2.87,2.87,2.87,2.87,2.87,2.87,2.87,2.87,2.87,2.87,2.87,2.87,2.87,2.87,2.87,2.87,2.87,2.87,2.87,2.87
20200609,2.87,2.87,2.87,2.87,2.87,2.87,2.87,2.87,2.87,2.87,2.87,2.87,2.87,2.87,2.87,2.87,2.87,2.87,2.87,2.87,2.87,2.87,2.87,2.87
20200610,2.87,2.87,2.87,2.87,2.87,2.87,2.87,2.87,2.87,2.87,2.87,2.87,2.87,2.87,2.87,2.87,2.87,2.87,2.87,2.87,2.87,2.87,2.87,2.87
20200611,2.87,2.87,2.87,2.87,2.87,2.87,2.87,2.87,2.87,2.87,2.87,2.87,2.87,2.87,2.87,2.87,2.87,2.87,2.87,2.87,2.87,2.87,2.87,2.87
20200612,2.87,2.87,2.87,2.87,2.87,2.87,2.87,2.87,2.87,2.87,2.87,2.87,2.87,2.87,2.87,2.87,2.87,2.87,2.87,2.87,2.87,2.87,2.87,2.87
20200613,2.87,2.87,2.87,2.87,2.87,2.87,2.87,2.87,2.87,2.87,2.87,2.87,2.87,2.87,2.87,2.87,2.87,2.87,2.87,2.87,2.87,2.87,2.87,2.87
20200614,2.87,2.87,2.87,2.87,2.87,2.87,2.87,2.87,2.87,2.87,2.87,2.87,2.87,2.87,2.87,2.87,2.87,2.87,2.87,2.87,2.87,2.87,2.87,2.87
20200615,2.87,2.87,2.87,2.87,2.87,2.87,2.87,2.87,2.87,2.87,2.87,2.87,2.87,2.87,2.87,2.87,2.87,2.87,2.87,2.87,2.87,2.87,2.87,2.87
20200616,2.87,2.87,2.87,2.87,2.87,2.87,2.87,2.87,2.87,2.87,2.87,2.87,2.87,2.87,2.87,2.87,2.87,2.87,2.87,2.87,2.87,2.87,2.87,2.87
20200617,2.87,2.87,2.87,2.87,2.87,2.87,2.87,2.87,2.87,2.87,2.87,2.87,2.87,2.87,2.87,2.87,2.87,2.87,2.87,2.87,2.87,2.87,2.87,2.87
20200618,2.87,2.87,2.87,2.87,2.87,2.87,2.87,2.87,2.87,2.87,2.87,2.87,2.87,2.87,2.87,2.87,2.87,2.87,2.87,2.87,2.87,2.87,2.87,2.87
20200619,2.87,2.87,2.87,2.87,2.87,2.87,2.87,2.87,2.87,2.87,2.87,2.87,2.87,2.87,2.87,2.87,2.87,2.87,2.87,2.87,2.87,2.87,2.87,2.87
20200620,2.87,2.87,2.87,2.87,2.87,2.87,2.87,2.87,2.87,2.87,2.87,2.87,2.87,2.87,2.87,2.87,2.87,2.87,2.87,2.87,2.87,2.87,2.87,2.87
20200621,2.87,2.87,2.87,2.87,2.87,2.87,2.87,2.87,2.87,2.87,2.87,2.87,2.87,2.87,2.87,2.87,2.87,2.87,2.87,2.87,2.87,2.87,2.87,2.87
20200622,2.87,2.87,2.87,2.87,2.87,2.87,2.87,2.87,2.87,2.87,2.87,2.87,2.87,2.87,2.87,2.87,2.87,2.87,2.87,2.87,2.87,2.87,2.87,2.87
20200623,2.87,2.87,2.87,2.87,2.87,2.87,2.87,2.87,2.87,2.87,2.87,2.87,2.87,2.87,2.87,2.87,2.87,2.87,2.87,2.87,2.87,2.87,2.87,2.87
20200624,2.87,2.87,2.87,2.87,2.87,2.87,2.87,2.87,2.87,2.87,2.87,2.87,2.87,2.87,2.87,2.87,2.87,2.87,2.87,2.87,2.87,2.87,2.87,2.87
20200625,2.87,2.87,2.87,2.87,2.87,2.87,2.87,2.87,2.87,2.87,2.87,2.87,2.87,2.87,2.87,2.87,2.87,2.87,2.87,2.87,2.87,2.87,2.87,2.87
20200626,2.87,2.87,2.87,2.87,2.87,2.87,2.87,2.87,2.87,2.87,2.87,2.87,2.87,2.87,2.87,2.87,2.87,2.87,2.87,2.87,2.87,2.87,2.87,2.87
20200627,2.87,2.87,2.87,2.87,2.87,2.87,2.87,2.87,2.87,2.87,2.87,2.87,2.87,2.87,2.87,2.87,2.87,2.87,2.87,2.87,2.87,2.87,2.87,2.87
20200628,2.87,2.87,2.87,2.87,2.87,2.87,2.87,2.87,2.87,2.87,2.87,2.87,2.87,2.87,2.87,2.87,2.87,2.87,2.87,2.87,2.87,2.87,2.87,2.87
20200629,2.87,2.87,2.87,2.87,2.87,2.87,2.87,2.87,2.87,2.87,2.87,2.87,2.87,2.87,2.87,2.87,2.87,2.87,2.87,2.87,2.87,2.87,2.87,2.87
20200630,2.87,2.87,2.87,2.87,2.87,2.87,2.87,2.87,2.87,2.87,2.87,2.87,2.87,2.87,2.87,2.87,2.87,2.87,2.87,2.87,2.87,2.87,2.87,2.87
20200701,2.87,2.87,2.87,2.87,2.87,2.87,2.87,2.87,2.87,2.87,2.87,2.87,2.87,2.87,2.87,2.87,2.87,2.87,2.87,2.87,2.87,2.87,2.87,2.87
20200702,2.87,2.87,2.87,2.87,2.87,2.87,2.87,2.87,2.87,2.87,2.87,2.87,2.87,2.87,2.87,2.87,2.87,2.87,2.87,2.87,2.87,2.87,2.87,2.87
20200703,2.87,2.87,2.87,2.87,2.87,2.87,2.87,2.87,2.87,2.87,2.87,2.87,2.87,2.87,2.87,2.87,2.87,2.87,2.87,2.87,2.87,2.87,2.87,2.87
20200704,2.87,2.87,2.87,2.87,2.87,2.87,2.87,2.87,2.87,2.87,2.87,2.87,2.87,2.87,2.87,2.87,2.87,2.87,2.87,2.87,2.87,2.87,2.87,2.87
20200705,2.87,2.87,2.87,2.87,2.87,2.87,2.87,2.87,2.87,2.87,2.87,2.87,2.87,2.87,2.87,2.87,2.87,2.87,2.87,2.87,2.87,2.87,2.87,2.87
20200706,2.87,2.87,2.87,2.87,2.87,2.87,2.87,2.87,2.87,2.87,2.87,2.87,2.87,2.87,2.87,2.87,2.87,2.87,2.87,2.87,2.87,2.87,2.87,2.87
20200707,2.87,2.87,2.87,2.87,2.87,2.87,2.87,2.87,2.87,2.87,2.87,2.87,2.87,2.87,2.87,2.87,2.87,2.87,2.87,2.87,2.87,2.87,2.87,2.87
20200708,2.87,2.87,2.87,2.87,2.87,2.87,2.87,2.87,2.87,2.87,2.87,2.87,2.87,2.87,2.87,2.87,2.87,2.87,2.87,2.87,2.87,2.87,2.87,2.87
20200709,2.87,2.87,2.87,2.87,2.87,2.87,2.87,2.87,2.87,2.87,2.87,2.87,2.87,2.87,2.87,2.87,2.87,2.87,2.87,2.87,2.87,2.87,2.87,2.87
20200710,2.87,2.87,2.87,2.87,2.87,2.87,2.87,2.87,2.87,2.87,2.87,2.87,2.87,2.87,2.87,2.87,2.87,2.87,2.87,2.87,2.87,2.87,2.87,2.87
20200711,2.87,2.87,2.87,2.87,2.87,2.87,2.87,2.87,2.87,2.87,2.87,2.87,2.87,2.87,2.87,2.87,2.87,2.87,2.87,2.87,2.87,2.87,2.87,2.87
20200712,2.87,2.87,2.87,2.87,2.87,2.87,2.87,2.87,2.87,2.87,2.87,2.87,2.87,2.87,2.87,2.87,2.87,2.87,2.87,2.87,2.87,2.87,2.87,2.87
20200713,2.87,2.87,2.87,2.87,2.87,2.87,2.87,2.87,2.87,2.87,2.87,2.87,2.87,2.87,2.87,2.87,2.87,2.87,2.87,2.87,2.87,2.87,2.87,2.87
20200714,2.87,2.87,2.87,2.87,2.87,2.87,2.87,2.87,2.87,2.87,2.87,2.87,2.87,2.87,2.87,2.87,2.87,2.87,2.87,2.87,2.87,2.87,2.87,2.87
20200715,2.87,2.87,2.87,2.87,2.87,2.87,2.87,2.87,2.87,2.87,2.87,2.87,2.87,2.87,2.87,2.87,2.87,2.87,2.87,2.87,2.87,2.87,2.87,2.87
20200716,2.87,2.87,2.87,2.87,2.87,2.87,2.87,2.87,2.87,2.87,2.87,2.87,2.87,2.87,2.87,2.87,2.87,2.87,2.87,2.87,2.87,2.87,2.87,2.87
20200717,2.87,2.87,2.87,2.87,2.87,2.87,2.87,2.87,2.87,2.87,2.87,2.87,2.87,2.87,2.87,2.87,2.87,2.87,2.87,2.87,2.87,2.87,2.87,2.87
20200718,2.87,2.87,2.87,2.87,2.87,2.87,2.87,2.87,2.87,2.87,2.87,2.87,2.87,2.87,2.87,2.87,2.87,2.87,2.87,2.87,2.87,2.87,2.87,2.87
20200719,2.87,2.87,2.87,2.87,2.87,2.87,2.87,2.87,2.87,2.87,2.87,2.87,2.87,2.87,2.87,2.87,2.87,2.87,2.87,2.87,2.87,2.87,2.87,2.87
20200720,2.87,2.87,2.87,2.87,2.87,2.87,2.87,2.87,2.87,2.87,2.87,2.87,2.87,2.87,2.87,2.87,2.87,2.87,2.87,2.87,2.87,2.87,2.87,2.87
20200721,2.87,2.87,2.87,2.87,2.87,2.87,2.87,2.87,2.87,2.87,2.87,2.87,2.87,2.87,2.87,2.87,2.87,2.87,2.87,2.87,2.87,2.87,2.87,2.87
20200722,2.87,2.87,2.87,2.87,2.87,2.87,2.87,2.87,2.87,2.87,2.87,2.87,2.87,2.87,2.87,2.87,2.87,2.87,2.87,2.87,2.87,2.87,2.87,2.87
20200723,2.87,2.87,2.87,2.87,2.87,2.87,2.87,2.87,2.87,2.87,2.87,2.87,2.87,2.87,2.87,2.87,2.87,2.87,2.87,2.87,2.87,2.87,2.87,2.87
20200724,2.87,2.87,2.87,2.87,2.87,2.87,2.87,2.87,2.87,2.87,2.87,2.87,2.87,2.87,2.87,2.87,2.87,2.87,2.87,2.87,2.87,2.87,2.87,2.87
20200725,2.87,2.87,2.87,2.87,2.87,2.87,2.87,2.87,2.87,2.87,2.87,2.87,2.87,2.87,2.87,2.87,2.87,2.87,2.87,2.87,2.87,2.87,2.87,2.87
20200726,2.87,2.87,2.87,2.87,2.87,2.87,2.87,2.87,2.87,2.87,2.87,2.87,2.87,2.87,2.87,2.87,2.87,2.87,2.87,2.87,2.87,2.87,2.87,2.87
20200727,2.87,2.87,2.87,2.87,2.87,2.87,2.87,2.87,2.87,2.87,2.87,2.87,2.87,2.87,2.87,2.87,2.87,2.87,2.87,2.87,2.87,2.87,2.87,2.87
20200728,2.87,2.87,2.87,2.87,2.87,2.87,2.87,2.87,2.87,2.87,2.87,2.87,2.87,2.87,2.87,2.87,2.87,2.87,2.87,2.87,2.87,2.87,2.87,2.87
20200729,2.87,2.87,2.87,2.87,2.87,2.87,2.87,2.87,2.87,2.87,2.87,2.87,2.87,2.87,2.87,2.87,2.87,2.87,2.87,2.87,2.87,2.87,2.87,2.87
20200730,2.87,2.87,2.87,2.87,2.87,2.87,2.87,2.87,2.87,2.87,2.87,2.87,2.87,2.87,2.87,2.87,2.87,2.87,2.87,2.87,2.87,2.87,2.87,2.87
20200731,2.87,2.87,2.87,2.87,2.87,2.87,2.87,2.87,2.87,2.87,2.87,2.87,2.87,2.87,2.87,2.87,2.87,2.87,2.87,2.87,2.87,2.87,2.87,2.87
20200801,2.87,2.87,2.87,2.87,2.87,2.87,2.87,2.87,2.87,2.87,2.87,2.87,2.87,2.87,2.87,2.87,2.87,2.87,2.87,2.87,2.87,2.87,2.87,2.87
20200802,2.87,2.87,2.87,2.87,2.87,2.87,2.87,2.87,2.87,2.87,2.87,2.87,2.87,2.87,2.87,2.87,2.87,2.87,2.87,2.87,2.87,2.87,2.87,2.87
20200803,2.87,2.87,2.87,2.87,2.87,2.87,2.87,2.87,2.87,2.87,2.87,2.87,2.87,2.87,2.87,2.87,2.87,2.87,2.87,2.87,2.87,2.87,2.87,2.87
20200804,2.87,2.87,2.87,2.87,2.87,2.87,2.87,2.87,2.87,2.87,2.87,2.87,2.87,2.87,2.87,2.87,2.87,2.87,2.87,2.87,2.87,2.87,2.87,2.87
20200805,2.87,2.87,2.87,2.87,2.87,2.87,2.87,2.87,2.87,2.87,2.87,2.87,2.87,2.87,2.87,2.87,2.87,2.87,2.87,2.87,2.87,2.87,2.87,2.87
20200806,2.87,2.87,2.87,2.87,2.87,2.87,2.87,2.87,2.87,2.87,2.87,2.87,2.87,2.87,2.87,2.87,2.87,2.87,2.87,2.87,2.87,2.87,2.87,2.87
20200807,2.87,2.87,2.87,2.87,2.87,2.87,2.87,2.87,2.87,2.87,2.87,2.87,2.87,2.87,2.87,2.87,2.87,2.87,2.87,2.87,2.87,2.87,2.87,2.87
20200808,2.87,2.87,2.87,2.87,2.87,2.87,2.87,2.87,2.87,2.87,2.87,2.87,2.87,2.87,2.87,2.87,2.87,2.87,2.87,2.87,2.87,2.87,2.87,2.87
20200809,2.87,2.87,2.87,2.87,2.87,2.87,2.87,2.87,2.87,2.87,2.87,2.87,2.87,2.87,2.87,2.87,2.87,2.87,2.87,2.87,2.87,2.87,2.87,2.87
20200810,2.87,2.87,2.87,2.87,2.87,2.87,2.87,2.87,2.87,2.87,2.87,2.87,2.87,2.87,2.87,2.87,2.87,2.87,2.87,2.87,2.87,2.87,2.87,2.87
20200811,2.87,2.87,2.87,2.87,2.87,2.87,2.87,2.87,2.87,2.87,2.87,2.87,2.87,2.87,2.87,2.87,2.87,2.87,2.87,2.87,2.87,2.87,2.87,2.87
20200812,2.87,2.87,2.87,2.87,2.87,2.87,2.87,2.87,2.87,2.87,2.87,2.87,2.87,2.87,2.87,2.87,2.87,2.87,2.87,2.87,2.87,2.87,2.87,2.87
20200813,2.87,2.87,2.87,2.87,2.87,2.87,2.87,2.87,2.87,2.87,2.87,2.87,2.87,2.87,2.87,2.87,2.87,2.87,2.87,2.87,2.87,2.87,2.87,2.87
20200814,2.87,2.87,2.87,2.87,2.87,2.87,2.87,2.87,2.87,2.87,2.87,2.87,2.87,2.87,2.87,2.87,2.87,2.87,2.87,2.87,2.87,2.87,2.87,2.87
20200815,2.87,2.87,2.87,2.87,2.87,2.87,2.87,2.87,2.87,2.87,2.87,2.87,2.87,2.87,2.87,2.87,2.87,2.87,2.87,2.87,2.87,2.87,2.87,2.87
20200816,2.87,2.87,2.87,2.87,2.87,2.87,2.87,2.87,2.87,2.87,2.87,2.87,2.87,2.87,2.87,2.87,2.87,2.87,2.87,2.87,2.87,2.87,2.87,2.87
20200817,2.87,2.87,2.87,2.87,2.87,2.87,2.87,2.87,2.87,2.87,2.87,2.87,2.87,2.87,2.87,2.87,2.87,2.87,2.87,2.87,2.87,2.87,2.87,2.87
20200818,2.87,2.87,2.87,2.87,2.87,2.87,2.87,2.87,2.87,2.87,2.87,2.87,2.87,2.87,2.87,2.87,2.87,2.87,2.87,2.87,2.87,2.87,2.87,2.87
20200819,2.87,2.87,2.87,2.87,2.87,2.87,2.87,2.87,2.87,2.87,2.87,2.87,2.87,2.87,2.87,2.87,2.87,2.87,2.87,2.87,2.87,2.87,2.87,2.87
20200820,2.87,2.87,2.87,2.87,2.87,2.87,2.87,2.87,2.87,2.87,2.87,2.87,2.87,2.87,2.87,2.87,2.87,2.87,2.87,2.87,2.87,2.87,2.87,2.87
20200821,2.87,2.87,2.87,2.87,2.87,2.87,2.87,2.87,2.87,2.87,2.87,2.87,2.87,2.87,2.87,2.87,2.87,2.87,2.87,2.87,2.87,2.87,2.87,2.87
20200822,2.87,2.87,2.87,2.87,2.87,2.87,2.87,2.87,2.87,2.87,2.87,2.87,2.87,2.87,2.87,2.87,2.87,2.87,2.87,2.87,2.87,2.87,2.87,2.87
20200823,2.87,2.87,2.87,2.87,2.87,2.87,2.87,2.87,2.87,2.87,2.87,2.87,2.87,2.87,2.87,2.87,2.87,2.87,2.87,2.87,2.87,2.87,2.87,2.87
20200824,2.87,2.87,2.87,2.87,2.87,2.87,2.87,2.87,2.87,2.87,2.87,2.87,2.87,2.87,2.87,2.87,2.87,2.87,2.87,2.87,2.87,2.87,2.87,2.87
20200825,2.87,2.87,2.87,2.87,2.87,2.87,2.87,2.87,2.87,2.87,2.87,2.87,2.87,2.87,2.87,2.87,2.87,2.87,2.87,2.87,2.87,2.87,2.87,2.87
20200826,2.87,2.87,2.87,2.87,2.87,2.87,2.87,2.87,2.87,2.87,2.87,2.87,2.87,2.87,2.87,2.87,2.87,2.87,2.87,2.87,2.87,2.87,2.87,2.87
20200827,2.87,2.87,2.87,2.87,2.87,2.87,2.87,2.87,2.87,2.87,2.87,2.87,2.87,2.87,2.87,2.87,2.87,2.87,2.87,2.87,2.87,2.87,2.87,2.87
20200828,2.87,2.87,2.87,2.87,2.87,2.87,2.87,2.87,2.87,2.87,2.87,2.87,2.87,2.87,2.87,2.87,2.87,2.87,2.87,2.87,2.87,2.87,2.87,2.87
20200829,2.87,2.87,2.87,2.87,2.87,2.87,2.87,2.87,2.87,2.87,2.87,2.87,2.87,2.87,2.87,2.87,2.87,2.87,2.87,2.87,2.87,2.87,2.87,2.87
20200830,2.87,2.87,2.87,2.87,2.87,2.87,2.87,2.87,2.87,2.87,2.87,2.87,2.87,2.87,2.87,2.87,2.87,2.87,2.87,2.87,2.87,2.87,2.87,2.87
20200831,2.87,2.87,2.87,2.87,2.87,2.87,2.87,2.87,2.87,2.87,2.87,2.87,2.87,2.87,2.87,2.87,2.87,2.87,2.87,2.87,2.87,2.87,2.87,2.87
20200901,2.87,2.87,2.87,2.87,2.87,2.87,2.87,2.87,2.87,2.87,2.87,2.87,2.87,2.87,2.87,2.87,2.87,2.87,2.87,2.87,2.87,2.87,2.87,2.87
20200902,2.87,2.87,2.87,2.87,2.87,2.87,2.87,2.87,2.87,2.87,2.87,2.87,2.87,2.87,2.87,2.87,2.87,2.87,2.87,2.87,2.87,2.87,2.87,2.87
20200903,2.87,2.87,2.87,2.87,2.87,2.87,2.87,2.87,2.87,2.87,2.87,2.87,2.87,2.87,2.87,2.87,2.87,2.87,2.87,2.87,2.87,2.87,2.87,2.87
20200904,2.87,2.87,2.87,2.87,2.87,2.87,2.87,2.87,2.87,2.87,2.87,2.87,2.87,2.87,2.87,2.87,2.87,2.87,2.87,2.87,2.87,2.87,2.87,2.87
20200905,2.87,2.87,2.87,2.87,2.87,2.87,2.87,2.87,2.87,2.87,2.87,2.87,2.87,2.87,2.87,2.87,2.87,2.87,2.87,2.87,2.87,2.87,2.87,2.87
20200906,2.87,2.87,2.87,2.87,2.87,2.87,2.87,2.87,2.87,2.87,2.87,2.87,2.87,2.87,2.87,2.87,2.87,2.87,2.87,2.87,2.87,2.87,2.87,2.87
20200907,2.87,2.87,2.87,2.87,2.87,2.87,2.87,2.87,2.87,2.87,2.87,2.87,2.87,2.87,2.87,2.87,2.87,2.87,2.87,2.87,2.87,2.87,2.87,2.87
20200908,2.87,2.87,2.87,2.87,2.87,2.87,2.87,2.87,2.87,2.87,2.87,2.87,2.87,2.87,2.87,2.87,2.87,2.87,2.87,2.87,2.87,2.87,2.87,2.87
20200909,2.87,2.87,2.87,2.87,2.87,2.87,2.87,2.87,2.87,2.87,2.87,2.87,2.87,2.87,2.87,2.87,2.87,2.87,2.87,2.87,2.87,2.87,2.87,2.87
20200910,2.87,2.87,2.87,2.87,2.87,2.87,2.87,2.87,2.87,2.87,2.87,2.87,2.87,2.87,2.87,2.87,2.87,2.87,2.87,2.87,2.87,2.87,2.87,2.87
20200911,2.87,2.87,2.87,2.87,2.87,2.87,2.87,2.87,2.87,2.87,2.87,2.87,2.87,2.87,2.87,2.87,2.87,2.87,2.87,2.87,2.87,2.87,2.87,2.87
20200912,2.87,2.87,2.87,2.87,2.87,2.87,2.87,2.87,2.87,2.87,2.87,2.87,2.87,2.87,2.87,2.87,2.87,2.87,2.87,2.87,2.87,2.87,2.87,2.87
20200913,2.87,2.87,2.87,2.87,2.87,2.87,2.87,2.87,2.87,2.87,2.87,2.87,2.87,2.87,2.87,2.87,2.87,2.87,2.87,2.87,2.87,2.87,2.87,2.87
20200914,2.87,2.87,2.87,2.87,2.87,2.87,2.87,2.87,2.87,2.87,2.87,2.87,2.87,2.87,2.87,2.87,2.87,2.87,2.87,2.87,2.87,2.87,2.87,2.87
20200915,2.87,2.87,2.87,2.87,2.87,2.87,2.87,2.87,2.87,2.87,2.87,2.87,2.87,2.87,2.87,2.87,2.87,2.87,2.87,2.87,2.87,2.87,2.87,2.87
20200916,2.87,2.87,2.87,2.87,2.87,2.87,2.87,2.87,2.87,2.87,2.87,2.87,2.87,2.87,2.87,2.87,2.87,2.87,2.87,2.87,2.87,2.87,2.87,2.87
20200917,2.87,2.87,2.87,2.87,2.87,2.87,2.87,2.87,2.87,2.87,2.87,2.87,2.87,2.87,2.87,2.87,2.87,2.87,2.87,2.87,2.87,2.87,2.87,2.87
20200918,2.87,2.87,2.87,2.87,2.87,2.87,2.87,2.87,2.87,2.87,2.87,2.87,2.87,2.87,2.87,2.87,2.87,2.87,2.87,2.87,2.87,2.87,2.87,2.87
20200919,2.87,2.87,2.87,2.87,2.87,2.87,2.87,2.87,2.87,2.87,2.87,2.87,2.87,2.87,2.87,2.87,2.87,2.87,2.87,2.87,2.87,2.87,2.87,2.87
20200920,2.87,2.87,2.87,2.87,2.87,2.87,2.87,2.87,2.87,2.87,2.87,2.87,2.87,2.87,2.87,2.87,2.87,2.87,2.87,2.87,2.87,2.87,2.87,2.87
20200921,2.87,2.87,2.87,2.87,2.87,2.87,2.87,2.87,2.87,2.87,2.87,2.87,2.87,2.87,2.87,2.87,2.87,2.87,2.87,2.87,2.87,2.87,2.87,2.87
20200922,2.87,2.87,2.87,2.87,2.87,2.87,2.87,2.87,2.87,2.87,2.87,2.87,2.87,2.87,2.87,2.87,2.87,2.87,2.87,2.87,2.87,2.87,2.87,2.87
20200923,2.87,2.87,2.87,2.87,2.87,2.87,2.87,2.87,2.87,2.87,2.87,2.87,2.87,2.87,2.87,2.87,2.87,2.87,2.87,2.87,2.87,2.87,2.87,2.87
20200924,2.87,2.87,2.87,2.87,2.87,2.87,2.87,2.87,2.87,2.87,2.87,2.87,2.87,2.87,2.87,2.87,2.87,2.87,2.87,2.87,2.87,2.87,2.87,2.87
20200925,2.87,2.87,2.87,2.87,2.87,2.87,2.87,2.87,2.87,2.87,2.87,2.87,2.87,2.87,2.87,2.87,2.87,2.87,2.87,2.87,2.87,2.87,2.87,2.87
20200926,2.87,2.87,2.87,2.87,2.87,2.87,2.87,2.87,2.87,2.87,2.87,2.87,2.87,2.87,2.87,2.87,2.87,2.87,2.87,2.87,2.87,2.87,2.87,2.87
20200927,2.87,2.87,2.87,2.87,2.87,2.87,2.87,2.87,2.87,2.87,2.87,2.87,2.87,2.87,2.87,2.87,2.87,2.87,2.87,2.87,2.87,2.87,2.87,2.87
20200928,2.87,2.87,2.87,2.87,2.87,2.87,2.87,2.87,2.87,2.87,2.87,2.87,2.87,2.87,2.87,2.87,2.87,2.87,2.87,2.87,2.87,2.87,2.87,2.87
20200929,2.87,2.87,2.87,2.87,2.87,2.87,2.87,2.87,2.87,2.87,2.87,2.87,2.87,2.87,2.87,2.87,2.87,2.87,2.87,2.87,2.87,2.87,2.87,2.87
20200930,2.87,2.87,2.87,2.87,2.87,2.87,2.87,2.87,2.87,2.87,2.87,2.87,2.87,2.87,2.87,2.87,2.87,2.87,2.87,2.87,2.87,2.87,2.87,2.87
20201001,2.87,2.87,2.87,2.87,2.87,2.87,2.87,2.87,2.87,2.87,2.87,2.87,2.87,2.87,2.87,2.87,2.87,2.87,2.87,2.87,2.87,2.87,2.87,2.87
20201002,2.87,2.87,2.87,2.87,2.87,2.87,2.87,2.87,2.87,2.87,2.87,2.87,2.87,2.87,2.87,2.87,2.87,2.87,2.87,2.87,2.87,2.87,2.87,2.87
20201003,2.87,2.87,2.87,2.87,2.87,2.87,2.87,2.87,2.87,2.87,2.87,2.87,2.87,2.87,2.87,2.87,2.87,2.87,2.87,2.87,2.87,2.87,2.87,2.87
20201004,2.87,2.87,2.87,2.87,2.87,2.87,2.87,2.87,2.87,2.87,2.87,2.87,2.87,2.87,2.87,2.87,2.87,2.87,2.87,2.87,2.87,2.87,2.87,2.87
20201005,2.87,2.87,2.87,2.87,2.87,2.87,2.87,2.87,2.87,2.87,2.87,2.87,2.87,2.87,2.87,2.87,2.87,2.87,2.87,2.87,2.87,2.87,2.87,2.87
20201006,2.87,2.87,2.87,2.87,2.87,2.87,2.87,2.87,2.87,2.87,2.87,2.87,2.87,2.87,2.87,2.87,2.87,2.87,2.87,2.87,2.87,2.87,2.87,2.87
20201007,2.87,2.87,2.87,2.87,2.87,2.87,2.87,2.87,2.87,2.87,2.87,2.87,2.87,2.87,2.87,2.87,2.87,2.87,2.87,2.87,2.87,2.87,2.87,2.87
20201008,2.87,2.87,2.87,2.87,2.87,2.87,2.87,2.87,2.87,2.87,2.87,2.87,2.87,2.87,2.87,2.87,2.87,2.87,2.87,2.87,2.87,2.87,2.87,2.87
20201009,2.87,2.87,2.87,2.87,2.87,2.87,2.87,2.87,2.87,2.87,2.87,2.87,2.87,2.87,2.87,2.87,2.87,2.87,2.87,2.87,2.87,2.87,2.87,2.87
20201010,2.87,2.87,2.87,2.87,2.87,2.87,2.87,2.87,2.87,2.87,2.87,2.87,2.87,2.87,2.87,2.87,2.87,2.87,2.87,2.87,2.87,2.87,2.87,2.87
20201011,2.87,2.87,2.87,2.87,2.87,2.87,2.87,2.87,2.87,2.87,2.87,2.87,2.87,2.87,2.87,2.87,2.87,2.87,2.87,2.87,2.87,2.87,2.87,2.87
20201012,2.87,2.87,2.87,2.87,2.87,2.87,2.87,2.87,2.87,2.87,2.87,2.87,2.87,2.87,2.87,2.87,2.87,2.87,2.87,2.87,2.87,2.87,2.87,2.87
20201013,2.87,2.87,2.87,2.87,2.87,2.87,2.87,2.87,2.87,2.87,2.87,2.87,2.87,2.87,2.87,2.87,2.87,2.87,2.87,2.87,2.87,2.87,2.87,2.87
20201014,2.87,2.87,2.87,2.87,2.87,2.87,2.87,2.87,2.87,2.87,2.87,2.87,2.87,2.87,2.87,2.87,2.87,2.87,2.87,2.87,2.87,2.87,2.87,2.87
20201015,2.87,2.87,2.87,2.87,2.87,2.87,2.87,2.87,2.87,2.87,2.87,2.87,2.87,2.87,2.87,2.87,2.87,2.87,2.87,2.87,2.87,2.87,2.87,2.87
20201016,2.87,2.87,2.87,2.87,2.87,2.87,2.87,2.87,2.87,2.87,2.87,2.87,2.87,2.87,2.87,2.87,2.87,2.87,2.87,2.87,2.87,2.87,2.87,2.87
20201017,2.87,2.87,2.87,2.87,2.87,2.87,2.87,2.87,2.87,2.87,2.87,2.87,2.87,2.87,2.87,2.87,2.87,2.87,2.87,2.87,2.87,2.87,2.87,2.87
20201018,2.87,2.87,2.87,2.87,2.87,2.87,2.87,2.87,2.87,2.87,2.87,2.87,2.87,2.87,2.87,2.87,2.87,2.87,2.87,2.87,2.87,2.87,2.87,2.87
20201019,2.87,2.87,2.87,2.87,2.87,2.87,2.87,2.87,2.87,2.87,2.87,2.87,2.87,2.87,2.87,2.87,2.87,2.87,2.87,2.87,2.87,2.87,2.87,2.87
20201020,2.87,2.87,2.87,2.87,2.87,2.87,2.87,2.87,2.87,2.87,2.87,2.87,2.87,2.87,2.87,2.87,2.87,2.87,2.87,2.87,2.87,2.87,2.87,2.87
20201021,2.87,2.87,2.87,2.87,2.87,2.87,2.87,2.87,2.87,2.87,2.87,2.87,2.87,2.87,2.87,2.87,2.87,2.87,2.87,2.87,2.87,2.87,2.87,2.87
20201022,2.87,2.87,2.87,2.87,2.87,2.87,2.87,2.87,2.87,2.87,2.87,2.87,2.87,2.87,2.87,2.87,2.87,2.87,2.87,2.87,2.87,2.87,2.87,2.87
20201023,2.87,2.87,2.87,2.87,2.87,2.87,2.87,2.87,2.87,2.87,2.87,2.87,2.87,2.87,2.87,2.87,2.87,2.87,2.87,2.87,2.87,2.87,2.87,2.87
20201024,2.87,2.87,2.87,2.87,2.87,2.87,2.87,2.87,2.87,2.87,2.87,2.87,2.87,2.87,2.87,2.87,2.87,2.87,2.87,2.87,2.87,2.87,2.87,2.87
20201025,2.87,2.87,2.87,2.87,2.87,2.87,2.87,2.87,2.87,2.87,2.87,2.87,2.87,2.87,2.87,2.87,2.87,2.87,2.87,2.87,2.87,2.87,2.87,2.87
20201026,2.87,2.87,2.87,2.87,2.87,2.87,2.87,2.87,2.87,2.87,2.87,2.87,2.87,2.87,2.87,2.87,2.87,2.87,2.87,2.87,2.87,2.87,2.87,2.87
20201027,2.87,2.87,2.87,2.87,2.87,2.87,2.87,2.87,2.87,2.87,2.87,2.87,2.87,2.87,2.87,2.87,2.87,2.87,2.87,2.87,2.87,2.87,2.87,2.87
20201028,2.87,2.87,2.87,2.87,2.87,2.87,2.87,2.87,2.87,2.87,2.87,2.87,2.87,2.87,2.87,2.87,2.87,2.87,2.87,2.87,2.87,2.87,2.87,2.87
20201029,2.87,2.87,2.87,2.87,2.87,2.87,2.87,2.87,2.87,2.87,2.87,2.87,2.87,2.87,2.87,2.87,2.87,2.87,2.87,2.87,2.87,2.87,2.87,2.87
20201030,2.87,2.87,2.87,2.87,2.87,2.87,2.87,2.87,2.87,2.87,2.87,2.87,2.87,2.87,2.87,2.87,2.87,2.87,2.87,2.87,2.87,2.87,2.87,2.87
20201031,2.87,2.87,2.87,2.87,2.87,2.87,2.87,2.87,2.87,2.87,2.87,2.87,2.87,2.87,2.87,2.87,2.87,2.87,2.87,2.87,2.87,2.87,2.87,2.87
20201101,2.87,2.87,2.87,2.87,2.87,2.87,2.87,2.87,2.87,2.87,2.87,2.87,2.87,2.87,2.87,2.87,2.87,2.87,2.87,2.87,2.87,2.87,2.87,2.87
20201102,2.87,2.87,2.87,2.87,2.87,2.87,2.87,2.87,2.87,2.87,2.87,2.87,2.87,2.87,2.87,2.87,2.87,2.87,2.87,2.87,2.87,2.87,2.87,2.87
20201103,2.87,2.87,2.87,2.87,2.87,2.87,2.87,2.87,2.87,2.87,2.87,2.87,2.87,2.87,2.87,2.87,2.87,2.87,2.87,2.87,2.87,2.87,2.87,2.87
20201104,2.87,2.87,2.87,2.87,2.87,2.87,2.87,2.87,2.87,2.87,2.87,2.87,2.87,2.87,2.87,2.87,2.87,2.87,2.87,2.87,2.87,2.87,2.87,2.87
20201105,2.87,2.87,2.87,2.87,2.87,2.87,2.87,2.87,2.87,2.87,2.87,2.87,2.87,2.87,2.87,2.87,2.87,2.87,2.87,2.87,2.87,2.87,2.87,2.87
20201106,2.87,2.87,2.87,2.87,2.87,2.87,2.87,2.87,2.87,2.87,2.87,2.87,2.87,2.87,2.87,2.87,2.87,2.87,2.87,2.87,2.87,2.87,2.87,2.87
20201107,2.87,2.87,2.87,2.87,2.87,2.87,2.87,2.87,2.87,2.87,2.87,2.87,2.87,2.87,2.87,2.87,2.87,2.87,2.87,2.87,2.87,2.87,2.87,2.87
20201108,2.87,2.87,2.87,2.87,2.87,2.87,2.87,2.87,2.87,2.87,2.87,2.87,2.87,2.87,2.87,2.87,2.87,2.87,2.87,2.87,2.87,2.87,2.87,2.87
20201109,2.87,2.87,2.87,2.87,2.87,2.87,2.87,2.87,2.87,2.87,2.87,2.87,2.87,2.87,2.87,2.87,2.87,2.87,2.87,2.87,2.87,2.87,2.87,2.87
20201110,2.87,2.87,2.87,2.87,2.87,2.87,2.87,2.87,2.87,2.87,2.87,2.87,2.87,2.87,2.87,2.87,2.87,2.87,2.87,2.87,2.87,2.87,2.87,2.87
20201111,2.87,2.87,2.87,2.87,2.87,2.87,2.87,2.87,2.87,2.87,2.87,2.87,2.87,2.87,2.87,2.87,2.87,2.87,2.87,2.87,2.87,2.87,2.87,2.87
20201112,2.87,2.87,2.87,2.87,2.87,2.87,2.87,2.87,2.87,2.87,2.87,2.87,2.87,2.87,2.87,2.87,2.87,2.87,2.87,2.87,2.87,2.87,2.87,2.87
20201113,2.87,2.87,2.87,2.87,2.87,2.87,2.87,2.87,2.87,2.87,2.87,2.87,2.87,2.87,2.87,2.87,2.87,2.87,2.87,2.87,2.87,2.87,2.87,2.87
20201114,2.87,2.87,2.87,2.87,2.87,2.87,2.87,2.87,2.87,2.87,2.87,2.87,2.87,2.87,2.87,2.87,2.87,2.87,2.87,2.87,2.87,2.87,2.87,2.87
20201115,2.87,2.87,2.87,2.87,2.87,2.87,2.87,2.87,2.87,2.87,2.87,2.87,2.87,2.87,2.87,2.87,2.87,2.87,2.87,2.87,2.87,2.87,2.87,2.87
20201116,2.87,2.87,2.87,2.87,2.87,2.87,2.87,2.87,2.87,2.87,2.87,2.87,2.87,2.87,2.87,2.87,2.87,2.87,2.87,2.87,2.87,2.87,2.87,2.87
20201117,2.87,2.87,2.87,2.87,2.87,2.87,2.87,2.87,2.87,2.87,2.87,2.87,2.87,2.87,2.87,2.87,2.87,2.87,2.87,2.87,2.87,2.87,2.87,2.87
20201118,2.87,2.87,2.87,2.87,2.87,2.87,2.87,2.87,2.87,2.87,2.87,2.87,2.87,2.87,2.87,2.87,2.87,2.87,2.87,2.87,2.87,2.87,2.87,2.87
20201119,2.87,2.87,2.87,2.87,2.87,2.87,2.87,2.87,2.87,2.87,2.87,2.87,2.87,2.87,2.87,2.87,2.87,2.87,2.87,2.87,2.87,2.87,2.87,2.87
20201120,2.87,2.87,2.87,2.87,2.87,2.87,2.87,2.87,2.87,2.87,2.87,2.87,2.87,2.87,2.87,2.87,2.87,2.87,2.87,2.87,2.87,2.87,2.87,2.87
20201121,2.87,2.87,2.87,2.87,2.87,2.87,2.87,2.87,2.87,2.87,2.87,2.87,2.87,2.87,2.87,2.87,2.87,2.87,2.87,2.87,2.87,2.87,2.87,2.87
20201122,2.87,2.87,2.87,2.87,2.87,2.87,2.87,2.87,2.87,2.87,2.87,2.87,2.87,2.87,2.87,2.87,2.87,2.87,2.87,2.87,2.87,2.87,2.87,2.87
20201123,2.87,2.87,2.87,2.87,2.87,2.87,2.87,2.87,2.87,2.87,2.87,2.87,2.87,2.87,2.87,2.87,2.87,2.87,2.87,2.87,2.87,2.87,2.87,2.87
20201124,2.87,2.87,2.87,2.87,2.87,2.87,2.87,2.87,2.87,2.87,2.87,2.87,2.87,2.87,2.87,2.87,2.87,2.87,2.87,2.87,2.87,2.87,2.87,2.87
20201125,2.87,2.87,2.87,2.87,2.87,2.87,2.87,2.87,2.87,2.87,2.87,2.87,2.87,2.87,2.87,2.87,2.87,2.87,2.87,2.87,2.87,2.87,2.87,2.87
20201126,2.87,2.87,2.87,2.87,2.87,2.87,2.87,2.87,2.87,2.87,2.87,2.87,2.87,2.87,2.87,2.87,2.87,2.87,2.87,2.87,2.87,2.87,2.87,2.87
20201127,2.87,2.87,2.87,2.87,2.87,2.87,2.87,2.87,2.87,2.87,2.87,2.87,2.87,2.87,2.87,2.87,2.87,2.87,2.87,2.87,2.87,2.87,2.87,2.87
20201128,2.87,2.87,2.87,2.87,2.87,2.87,2.87,2.87,2.87,2.87,2.87,2.87,2.87,2.87,2.87,2.87,2.87,2.87,2.87,2.87,2.87,2.87,2.87,2.87
20201129,2.87,2.87,2.87,2.87,2.87,2.87,2.87,2.87,2.87,2.87,2.87,2.87,2.87,2.87,2.87,2.87,2.87,2.87,2.87,2.87,2.87,2.87,2.87,2.87
20201130,2.87,2.87,2.87,2.87,2.87,2.87,2.87,2.87,2.87,2.87,2.87,2.87,2.87,2.87,2.87,2.87,2.87,2.87,2.87,2.87,2.87,2.87,2.87,2.87
20201201,2.87,2.87,2.87,2.87,2.87,2.87,2.87,2.87,2.87,2.87,2.87,2.87,2.87,2.87,2.87,2.87,2.87,2.87,2.87,2.87,2.87,2.87,2.87,2.87
20201202,2.87,2.87,2.87,2.87,2.87,2.87,2.87,2.87,2.87,2.87,2.87,2.87,2.87,2.87,2.87,2.87,2.87,2.87,2.87,2.87,2.87,2.87,2.87,2.87
20201203,2.87,2.87,2.87,2.87,2.87,2.87,2.87,2.87,2.87,2.87,2.87,2.87,2.87,2.87,2.87,2.87,2.87,2.87,2.87,2.87,2.87,2.87,2.87,2.87
20201204,2.87,2.87,2.87,2.87,2.87,2.87,2.87,2.87,2.87,2.87,2.87,2.87,2.87,2.87,2.87,2.87,2.87,2.87,2.87,2.87,2.87,2.87,2.87,2.87
20201205,2.87,2.87,2.87,2.87,2.87,2.87,2.87,2.87,2.87,2.87,2.87,2.87,2.87,2.87,2.87,2.87,2.87,2.87,2.87,2.87,2.87,2.87,2.87,2.87
20201206,2.87,2.87,2.87,2.87,2.87,2.87,2.87,2.87,2.87,2.87,2.87,2.87,2.87,2.87,2.87,2.87,2.87,2.87,2.87,2.87,2.87,2.87,2.87,2.87
20201207,2.87,2.87,2.87,2.87,2.87,2.87,2.87,2.87,2.87,2.87,2.87,2.87,2.87,2.87,2.87,2.87,2.87,2.87,2.87,2.87,2.87,2.87,2.87,2.87
20201208,2.87,2.87,2.87,2.87,2.87,2.87,2.87,2.87,2.87,2.87,2.87,2.87,2.87,2.87,2.87,2.87,2.87,2.87,2.87,2.87,2.87,2.87,2.87,2.87
20201209,2.87,2.87,2.87,2.87,2.87,2.87,2.87,2.87,2.87,2.87,2.87,2.87,2.87,2.87,2.87,2.87,2.87,2.87,2.87,2.87,2.87,2.87,2.87,2.87
20201210,2.87,2.87,2.87,2.87,2.87,2.87,2.87,2.87,2.87,2.87,2.87,2.87,2.87,2.87,2.87,2.87,2.87,2.87,2.87,2.87,2.87,2.87,2.87,2.87
20201211,2.87,2.87,2.87,2.87,2.87,2.87,2.87,2.87,2.87,2.87,2.87,2.87,2.87,2.87,2.87,2.87,2.87,2.87,2.87,2.87,2.87,2.87,2.87,2.87
20201212,2.87,2.87,2.87,2.87,2.87,2.87,2.87,2.87,2.87,2.87,2.87,2.87,2.87,2.87,2.87,2.87,2.87,2.87,2.87,2.87,2.87,2.87,2.87,2.87
20201213,2.87,2.87,2.87,2.87,2.87,2.87,2.87,2.87,2.87,2.87,2.87,2.87,2.87,2.87,2.87,2.87,2.87,2.87,2.87,2.87,2.87,2.87,2.87,2.87
20201214,2.87,2.87,2.87,2.87,2.87,2.87,2.87,2.87,2.87,2.87,2.87,2.87,2.87,2.87,2.87,2.87,2.87,2.87,2.87,2.87,2.87,2.87,2.87,2.87
20201215,2.87,2.87,2.87,2.87,2.87,2.87,2.87,2.87,2.87,2.87,2.87,2.87,2.87,2.87,2.87,2.87,2.87,2.87,2.87,2.87,2.87,2.87,2.87,2.87
20201216,2.87,2.87,2.87,2.87,2.87,2.87,2.87,2.87,2.87,2.87,2.87,2.87,2.87,2.87,2.87,2.87,2.87,2.87,2.87,2.87,2.87,2.87,2.87,2.87
20201217,2.87,2.87,2.87,2.87,2.87,2.87,2.87,2.87,2.87,2.87,2.87,2.87,2.87,2.87,2.87,2.87,2.87,2.87,2.87,2.87,2.87,2.87,2.87,2.87
20201218,2.87,2.87,2.87,2.87,2.87,2.87,2.87,2.87,2.87,2.87,2.87,2.87,2.87,2.87,2.87,2.87,2.87,2.87,2.87,2.87,2.87,2.87,2.87,2.87
20201219,2.87,2.87,2.87,2.87,2.87,2.87,2.87,2.87,2.87,2.87,2.87,2.87,2.87,2.87,2.87,2.87,2.87,2.87,2.87,2.87,2.87,2.87,2.87,2.87
20201220,2.87,2.87,2.87,2.87,2.87,2.87,2.87,2.87,2.87,2.87,2.87,2.87,2.87,2.87,2.87,2.87,2.87,2.87,2.87,2.87,2.87,2.87,2.87,2.87
20201221,2.87,2.87,2.87,2.87,2.87,2.87,2.87,2.87,2.87,2.87,2.87,2.87,2.87,2.87,2.87,2.87,2.87,2.87,2.87,2.87,2.87,2.87,2.87,2.87
20201222,2.87,2.87,2.87,2.87,2.87,2.87,2.87,2.87,2.87,2.87,2.87,2.87,2.87,2.87,2.87,2.87,2.87,2.87,2.87,2.87,2.87,2.87,2.87,2.87
20201223,2.87,2.87,2.87,2.87,2.87,2.87,2.87,2.87,2.87,2.87,2.87,2.87,2.87,2.87,2.87,2.87,2.87,2.87,2.87,2.87,2.87,2.87,2.87,2.87
20201224,2.87,2.87,2.87,2.87,2.87,2.87,2.87,2.87,2.87,2.87,2.87,2.87,2.87,2.87,2.87,2.87,2.87,2.87,2.87,2.87,2.87,2.87,2.87,2.87
20201225,2.87,2.87,2.87,2.87,2.87,2.87,2.87,2.87,2.87,2.87,2.87,2.87,2.87,2.87,2.87,2.87,2.87,2.87,2.87,2.87,2.87,2.87,2.87,2.87
20201226,2.87,2.87,2.87,2.87,2.87,2.87,2.87,2.87,2.87,2.87,2.87,2.87,2.87,2.87,2.87,2.87,2.87,2.87,2.87,2.87,2.87,2.87,2.87,2.87
20201227,2.87,2.87,2.87,2.87,2.87,2.87,2.87,2.87,2.87,2.87,2.87,2.87,2.87,2.87,2.87,2.87,2.87,2.87,2.87,2.87,2.87,2.87,2.87,2.87
20201228,2.87,2.87,2.87,2.87,2.87,2.87,2.87,2.87,2.87,2.87,2.87,2.87,2.87,2.87,2.87,2.87,2.87,2.87,2.87,2.87,2.87,2.87,2.87,2.87
20201229,2.87,2.87,2.87,2.87,2.87,2.87,2.87,2.87,2.87,2.87,2.87,2.87,2.87,2.87,2.87,2.87,2.87,2.87,2.87,2.87,2.87,2.87,2.87,2.87
20201230,2.87,2.87,2.87,2.87,2.87,2.87,2.87,2.87,2.87,2.87,2.87,2.87,2.87,2.87,2.87,2.87,2.87,2.87,2.87,2.87,2.87,2.87,2.87,2.87
20201231,2.87,2.87,2.87,2.87,2.87,2.87,2.87,2.87,2.87,2.87,2.87,2.87,2.87,2.87,2.87,2.87,2.87,2.87,2.87,2.87,2.87,2.87,2.87,2.87
