天然气价格,电价
2.87,364.8
2.87,364.8
2.87,364.8
2.87,364.8
2.87,364.8
2.87,364.8
2.87,364.8
2.87,364.8
2.87,364.8
2.87,364.8
2.87,364.8
2.87,364.8
2.87,364.8
2.87,364.8
2.87,364.8
2.87,364.8
2.87,364.8
2.87,364.8
2.87,364.8
2.87,364.8
2.87,364.8
2.87,364.8
2.87,364.8
2.87,364.8
2.87,364.8
2.87,364.8
2.87,364.8
2.87,364.8
2.87,364.8
2.87,364.8
2.87,364.8
2.87,364.8
2.87,364.8
2.87,364.8
2.87,364.8
2.87,364.8
2.87,364.8
2.87,364.8
2.87,364.8
2.87,364.8
2.87,364.8
2.87,364.8
2.87,364.8
2.87,364.8
2.87,364.8
2.87,364.8
2.87,364.8
2.87,364.8
2.87,364.8
2.87,364.8
2.87,364.8
2.87,364.8
2.87,364.8
2.87,364.8
2.87,364.8
2.87,364.8
2.87,364.8
2.87,364.8
2.87,364.8
2.87,364.8
2.87,364.8
2.87,364.8
2.87,364.8
2.87,364.8
2.87,364.8
2.87,364.8
2.87,364.8
2.87,364.8
2.87,364.8
2.87,364.8
2.87,364.8
2.87,364.8
2.87,364.8
2.87,364.8
2.87,364.8
2.87,364.8
2.87,364.8
2.87,364.8
2.87,364.8
2.87,364.8
2.87,364.8
2.87,364.8
2.87,364.8
2.87,364.8
2.87,364.8
2.87,364.8
2.87,364.8
2.87,364.8
2.87,364.8
2.87,364.8
2.87,364.8
2.87,364.8
2.87,364.8
2.87,364.8
2.87,364.8
2.87,364.8
2.87,364.8
2.87,364.8
2.87,364.8
2.87,364.8
2.87,364.8
2.87,364.8
2.87,364.8
2.87,364.8
2.87,364.8
2.87,364.8
2.87,364.8
2.87,364.8
2.87,364.8
2.87,364.8
2.87,364.8
2.87,364.8
2.87,364.8
2.87,364.8
2.87,364.8
2.87,364.8
2.87,364.8
2.87,364.8
2.87,364.8
2.87,364.8
2.87,364.8
2.87,364.8
2.87,364.8
2.87,364.8
2.87,364.8
2.87,364.8
2.87,364.8
2.87,364.8
2.87,364.8
2.87,364.8
2.87,364.8
2.87,364.8
2.87,364.8
2.87,364.8
2.87,364.8
2.87,364.8
2.87,364.8
2.87,364.8
2.87,364.8
2.87,364.8
2.87,364.8
2.87,364.8
2.87,364.8
2.87,364.8
2.87,364.8
2.87,364.8
2.87,364.8
2.87,364.8
2.87,364.8
2.87,364.8
2.87,364.8
2.87,364.8
2.87,364.8
2.87,364.8
2.87,364.8
2.87,364.8
2.87,364.8
2.87,364.8
2.87,364.8
2.87,364.8
2.87,364.8
2.87,364.8
2.87,364.8
2.87,364.8
2.87,364.8
2.87,364.8
2.87,364.8
2.87,364.8
2.87,364.8
2.87,364.8
2.87,364.8
2.87,364.8
2.87,364.8
2.87,364.8
2.87,364.8
2.87,364.8
2.87,364.8
2.87,364.8
2.87,364.8
2.87,364.8
2.87,364.8
2.87,364.8
2.87,364.8
2.87,364.8
2.87,364.8
2.87,364.8
2.87,364.8
2.87,364.8
2.87,364.8
2.87,364.8
2.87,364.8
2.87,364.8
2.87,364.8
2.87,364.8
2.87,364.8
2.87,364.8
2.87,364.8
2.87,364.8
2.87,364.8
2.87,364.8
2.87,364.8
2.87,364.8
2.87,364.8
2.87,364.8
2.87,364.8
2.87,364.8
2.87,364.8
2.87,364.8
2.87,364.8
2.87,364.8
2.87,364.8
2.87,364.8
2.87,364.8
2.87,364.8
2.87,364.8
2.87,364.8
2.87,364.8
2.87,364.8
2.87,364.8
2.87,364.8
2.87,364.8
2.87,364.8
2.87,364.8
2.87,364.8
2.87,364.8
2.87,364.8
2.87,364.8
2.87,364.8
2.87,364.8
2.87,364.8
2.87,364.8
2.87,364.8
2.87,364.8
2.87,364.8
2.87,364.8
2.87,364.8
2.87,364.8
2.87,364.8
2.87,364.8
2.87,364.8
2.87,364.8
2.87,364.8
2.87,364.8
2.87,364.8
2.87,364.8
2.87,364.8
2.87,364.8
2.87,364.8
2.87,364.8
2.87,364.8
2.87,364.8
2.87,364.8
2.87,364.8
2.87,364.8
2.87,364.8
2.87,364.8
2.87,364.8
2.87,364.8
2.87,364.8
2.87,364.8
2.87,364.8
2.87,364.8
2.87,364.8
2.87,364.8
2.87,364.8
2.87,364.8
2.87,364.8
2.87,364.8
2.87,364.8
2.87,364.8
2.87,364.8
2.87,364.8
2.87,364.8
2.87,364.8
2.87,364.8
2.87,364.8
2.87,364.8
2.87,364.8
2.87,364.8
2.87,364.8
2.87,364.8
2.87,364.8
2.87,364.8
2.87,364.8
2.87,364.8
2.87,364.8
2.87,364.8
2.87,364.8
2.87,364.8
2.87,364.8
2.87,364.8
2.87,364.8
2.87,364.8
2.87,364.8
2.87,364.8
2.87,364.8
2.87,364.8
2.87,364.8
2.87,364.8
2.87,364.8
2.87,364.8
2.87,364.8
2.87,364.8
2.87,364.8
2.87,364.8
2.87,364.8
2.87,364.8
2.87,364.8
2.87,364.8
2.87,364.8
2.87,364.8
2.87,364.8
2.87,364.8
2.87,364.8
2.87,364.8
2.87,364.8
2.87,364.8
2.87,364.8
2.87,364.8
2.87,364.8
2.87,364.8
2.87,364.8
2.87,364.8
2.87,364.8
2.87,364.8
2.87,364.8
2.87,364.8
2.87,364.8
2.87,364.8
2.87,364.8
2.87,364.8
2.87,364.8
2.87,364.8
2.87,364.8
2.87,364.8
2.87,364.8
2.87,364.8
2.87,364.8
2.87,364.8
2.87,364.8
2.87,364.8
2.87,364.8
2.87,364.8
2.87,364.8
2.87,364.8
2.87,364.8
2.87,364.8
2.87,364.8
2.87,364.8
2.87,364.8
2.87,364.8
2.87,364.8
2.87,364.8
2.87,364.8
2.87,364.8
2.87,364.8
2.87,364.8
2.87,364.8
2.87,364.8
2.87,364.8
2.87,364.8
2.87,364.8
2.87,364.8
2.87,364.8
2.87,364.8
